{
	"global-best": {
		"score": 481.325,
		"Weight_1": 4.10161585855351,
		"Weight_2": 0.334498071056535,
		"Weight_3": -1.78060429935064,
		"Weight_4": -2.07477613726152,
		"Weight_5": -0.989652472173274,
		"Weight_6": -1.41946362406572,
		"Weight_7": 3.31207908898306,
		"Weight_8": 3.74408863380339,
		"Weight_9": -3.52234303133988,
		"Weight_10": -2.07287119390916,
		"Weight_11": -0.768960036054057,
	},
}