{
	"score": 481.325,
	"weight1": 4.10161585855351,
	"weight2": 0.334498071056535,
	"weight3": -1.78060429935064,
	"weight4": -2.07477613726152,
	"weight5": -0.989652472173274,
	"weight6": -1.41946362406572,
	"weight7": 3.31207908898306,
	"weight8": 3.74408863380339,
	"weight9": -3.52234303133988,
	"weight10": -2.07287119390916,
	"weight11": -0.768960036054057,
}